DateKey;Date;Week;Month;Year;Public Holiday
1;05/02/2010;6;2;2010;FALSO
2;06/02/2010;6;2;2010;FALSO
3;07/02/2010;7;2;2010;FALSO
4;08/02/2010;7;2;2010;FALSO
5;09/02/2010;7;2;2010;FALSO
6;10/02/2010;7;2;2010;FALSO
7;11/02/2010;7;2;2010;FALSO
8;12/02/2010;7;2;2010;VERDADEIRO
9;13/02/2010;7;2;2010;FALSO
10;14/02/2010;8;2;2010;FALSO
11;15/02/2010;8;2;2010;FALSO
12;16/02/2010;8;2;2010;FALSO
13;17/02/2010;8;2;2010;FALSO
14;18/02/2010;8;2;2010;FALSO
15;19/02/2010;8;2;2010;FALSO
16;20/02/2010;8;2;2010;FALSO
17;21/02/2010;9;2;2010;FALSO
18;22/02/2010;9;2;2010;FALSO
19;23/02/2010;9;2;2010;FALSO
20;24/02/2010;9;2;2010;FALSO
21;25/02/2010;9;2;2010;FALSO
22;26/02/2010;9;2;2010;FALSO
23;27/02/2010;9;2;2010;FALSO
24;28/02/2010;10;2;2010;FALSO
25;01/03/2010;10;3;2010;FALSO
26;02/03/2010;10;3;2010;FALSO
27;03/03/2010;10;3;2010;FALSO
28;04/03/2010;10;3;2010;FALSO
29;05/03/2010;10;3;2010;FALSO
30;06/03/2010;10;3;2010;FALSO
31;07/03/2010;11;3;2010;FALSO
32;08/03/2010;11;3;2010;FALSO
33;09/03/2010;11;3;2010;FALSO
34;10/03/2010;11;3;2010;FALSO
35;11/03/2010;11;3;2010;FALSO
36;12/03/2010;11;3;2010;FALSO
37;13/03/2010;11;3;2010;FALSO
38;14/03/2010;12;3;2010;FALSO
39;15/03/2010;12;3;2010;FALSO
40;16/03/2010;12;3;2010;FALSO
41;17/03/2010;12;3;2010;FALSO
42;18/03/2010;12;3;2010;FALSO
43;19/03/2010;12;3;2010;FALSO
44;20/03/2010;12;3;2010;FALSO
45;21/03/2010;13;3;2010;FALSO
46;22/03/2010;13;3;2010;FALSO
47;23/03/2010;13;3;2010;FALSO
48;24/03/2010;13;3;2010;FALSO
49;25/03/2010;13;3;2010;FALSO
50;26/03/2010;13;3;2010;FALSO
51;27/03/2010;13;3;2010;FALSO
52;28/03/2010;14;3;2010;FALSO
53;29/03/2010;14;3;2010;FALSO
54;30/03/2010;14;3;2010;FALSO
55;31/03/2010;14;3;2010;FALSO
56;01/04/2010;14;4;2010;FALSO
57;02/04/2010;14;4;2010;FALSO
58;03/04/2010;14;4;2010;FALSO
59;04/04/2010;15;4;2010;FALSO
60;05/04/2010;15;4;2010;FALSO
61;06/04/2010;15;4;2010;FALSO
62;07/04/2010;15;4;2010;FALSO
63;08/04/2010;15;4;2010;FALSO
64;09/04/2010;15;4;2010;FALSO
65;10/04/2010;15;4;2010;FALSO
66;11/04/2010;16;4;2010;FALSO
67;12/04/2010;16;4;2010;FALSO
68;13/04/2010;16;4;2010;FALSO
69;14/04/2010;16;4;2010;FALSO
70;15/04/2010;16;4;2010;FALSO
71;16/04/2010;16;4;2010;FALSO
72;17/04/2010;16;4;2010;FALSO
73;18/04/2010;17;4;2010;FALSO
74;19/04/2010;17;4;2010;FALSO
75;20/04/2010;17;4;2010;FALSO
76;21/04/2010;17;4;2010;FALSO
77;22/04/2010;17;4;2010;FALSO
78;23/04/2010;17;4;2010;FALSO
79;24/04/2010;17;4;2010;FALSO
80;25/04/2010;18;4;2010;FALSO
81;26/04/2010;18;4;2010;FALSO
82;27/04/2010;18;4;2010;FALSO
83;28/04/2010;18;4;2010;FALSO
84;29/04/2010;18;4;2010;FALSO
85;30/04/2010;18;4;2010;FALSO
86;01/05/2010;18;5;2010;FALSO
87;02/05/2010;19;5;2010;FALSO
88;03/05/2010;19;5;2010;FALSO
89;04/05/2010;19;5;2010;FALSO
90;05/05/2010;19;5;2010;FALSO
91;06/05/2010;19;5;2010;FALSO
92;07/05/2010;19;5;2010;FALSO
93;08/05/2010;19;5;2010;FALSO
94;09/05/2010;20;5;2010;FALSO
95;10/05/2010;20;5;2010;FALSO
96;11/05/2010;20;5;2010;FALSO
97;12/05/2010;20;5;2010;FALSO
98;13/05/2010;20;5;2010;FALSO
99;14/05/2010;20;5;2010;FALSO
100;15/05/2010;20;5;2010;FALSO
101;16/05/2010;21;5;2010;FALSO
102;17/05/2010;21;5;2010;FALSO
103;18/05/2010;21;5;2010;FALSO
104;19/05/2010;21;5;2010;FALSO
105;20/05/2010;21;5;2010;FALSO
106;21/05/2010;21;5;2010;FALSO
107;22/05/2010;21;5;2010;FALSO
108;23/05/2010;22;5;2010;FALSO
109;24/05/2010;22;5;2010;FALSO
110;25/05/2010;22;5;2010;FALSO
111;26/05/2010;22;5;2010;FALSO
112;27/05/2010;22;5;2010;FALSO
113;28/05/2010;22;5;2010;FALSO
114;29/05/2010;22;5;2010;FALSO
115;30/05/2010;23;5;2010;FALSO
116;31/05/2010;23;5;2010;FALSO
117;01/06/2010;23;6;2010;FALSO
118;02/06/2010;23;6;2010;FALSO
119;03/06/2010;23;6;2010;FALSO
120;04/06/2010;23;6;2010;FALSO
121;05/06/2010;23;6;2010;FALSO
122;06/06/2010;24;6;2010;FALSO
123;07/06/2010;24;6;2010;FALSO
124;08/06/2010;24;6;2010;FALSO
125;09/06/2010;24;6;2010;FALSO
126;10/06/2010;24;6;2010;FALSO
127;11/06/2010;24;6;2010;FALSO
128;12/06/2010;24;6;2010;FALSO
129;13/06/2010;25;6;2010;FALSO
130;14/06/2010;25;6;2010;FALSO
131;15/06/2010;25;6;2010;FALSO
132;16/06/2010;25;6;2010;FALSO
133;17/06/2010;25;6;2010;FALSO
134;18/06/2010;25;6;2010;FALSO
135;19/06/2010;25;6;2010;FALSO
136;20/06/2010;26;6;2010;FALSO
137;21/06/2010;26;6;2010;FALSO
138;22/06/2010;26;6;2010;FALSO
139;23/06/2010;26;6;2010;FALSO
140;24/06/2010;26;6;2010;FALSO
141;25/06/2010;26;6;2010;FALSO
142;26/06/2010;26;6;2010;FALSO
143;27/06/2010;27;6;2010;FALSO
144;28/06/2010;27;6;2010;FALSO
145;29/06/2010;27;6;2010;FALSO
146;30/06/2010;27;6;2010;FALSO
147;01/07/2010;27;7;2010;FALSO
148;02/07/2010;27;7;2010;FALSO
149;03/07/2010;27;7;2010;FALSO
150;04/07/2010;28;7;2010;FALSO
151;05/07/2010;28;7;2010;FALSO
152;06/07/2010;28;7;2010;FALSO
153;07/07/2010;28;7;2010;FALSO
154;08/07/2010;28;7;2010;FALSO
155;09/07/2010;28;7;2010;FALSO
156;10/07/2010;28;7;2010;FALSO
157;11/07/2010;29;7;2010;FALSO
158;12/07/2010;29;7;2010;FALSO
159;13/07/2010;29;7;2010;FALSO
160;14/07/2010;29;7;2010;FALSO
161;15/07/2010;29;7;2010;FALSO
162;16/07/2010;29;7;2010;FALSO
163;17/07/2010;29;7;2010;FALSO
164;18/07/2010;30;7;2010;FALSO
165;19/07/2010;30;7;2010;FALSO
166;20/07/2010;30;7;2010;FALSO
167;21/07/2010;30;7;2010;FALSO
168;22/07/2010;30;7;2010;FALSO
169;23/07/2010;30;7;2010;FALSO
170;24/07/2010;30;7;2010;FALSO
171;25/07/2010;31;7;2010;FALSO
172;26/07/2010;31;7;2010;FALSO
173;27/07/2010;31;7;2010;FALSO
174;28/07/2010;31;7;2010;FALSO
175;29/07/2010;31;7;2010;FALSO
176;30/07/2010;31;7;2010;FALSO
177;31/07/2010;31;7;2010;FALSO
178;01/08/2010;32;8;2010;FALSO
179;02/08/2010;32;8;2010;FALSO
180;03/08/2010;32;8;2010;FALSO
181;04/08/2010;32;8;2010;FALSO
182;05/08/2010;32;8;2010;FALSO
183;06/08/2010;32;8;2010;FALSO
184;07/08/2010;32;8;2010;FALSO
185;08/08/2010;33;8;2010;FALSO
186;09/08/2010;33;8;2010;FALSO
187;10/08/2010;33;8;2010;FALSO
188;11/08/2010;33;8;2010;FALSO
189;12/08/2010;33;8;2010;FALSO
190;13/08/2010;33;8;2010;FALSO
191;14/08/2010;33;8;2010;FALSO
192;15/08/2010;34;8;2010;FALSO
193;16/08/2010;34;8;2010;FALSO
194;17/08/2010;34;8;2010;FALSO
195;18/08/2010;34;8;2010;FALSO
196;19/08/2010;34;8;2010;FALSO
197;20/08/2010;34;8;2010;FALSO
198;21/08/2010;34;8;2010;FALSO
199;22/08/2010;35;8;2010;FALSO
200;23/08/2010;35;8;2010;FALSO
201;24/08/2010;35;8;2010;FALSO
202;25/08/2010;35;8;2010;FALSO
203;26/08/2010;35;8;2010;FALSO
204;27/08/2010;35;8;2010;FALSO
205;28/08/2010;35;8;2010;FALSO
206;29/08/2010;36;8;2010;FALSO
207;30/08/2010;36;8;2010;FALSO
208;31/08/2010;36;8;2010;FALSO
209;01/09/2010;36;9;2010;FALSO
210;02/09/2010;36;9;2010;FALSO
211;03/09/2010;36;9;2010;FALSO
212;04/09/2010;36;9;2010;FALSO
213;05/09/2010;37;9;2010;FALSO
214;06/09/2010;37;9;2010;FALSO
215;07/09/2010;37;9;2010;FALSO
216;08/09/2010;37;9;2010;FALSO
217;09/09/2010;37;9;2010;FALSO
218;10/09/2010;37;9;2010;VERDADEIRO
219;11/09/2010;37;9;2010;FALSO
220;12/09/2010;38;9;2010;FALSO
221;13/09/2010;38;9;2010;FALSO
222;14/09/2010;38;9;2010;FALSO
223;15/09/2010;38;9;2010;FALSO
224;16/09/2010;38;9;2010;FALSO
225;17/09/2010;38;9;2010;FALSO
226;18/09/2010;38;9;2010;FALSO
227;19/09/2010;39;9;2010;FALSO
228;20/09/2010;39;9;2010;FALSO
229;21/09/2010;39;9;2010;FALSO
230;22/09/2010;39;9;2010;FALSO
231;23/09/2010;39;9;2010;FALSO
232;24/09/2010;39;9;2010;FALSO
233;25/09/2010;39;9;2010;FALSO
234;26/09/2010;40;9;2010;FALSO
235;27/09/2010;40;9;2010;FALSO
236;28/09/2010;40;9;2010;FALSO
237;29/09/2010;40;9;2010;FALSO
238;30/09/2010;40;9;2010;FALSO
239;01/10/2010;40;10;2010;FALSO
240;02/10/2010;40;10;2010;FALSO
241;03/10/2010;41;10;2010;FALSO
242;04/10/2010;41;10;2010;FALSO
243;05/10/2010;41;10;2010;FALSO
244;06/10/2010;41;10;2010;FALSO
245;07/10/2010;41;10;2010;FALSO
246;08/10/2010;41;10;2010;FALSO
247;09/10/2010;41;10;2010;FALSO
248;10/10/2010;42;10;2010;FALSO
249;11/10/2010;42;10;2010;FALSO
250;12/10/2010;42;10;2010;FALSO
251;13/10/2010;42;10;2010;FALSO
252;14/10/2010;42;10;2010;FALSO
253;15/10/2010;42;10;2010;FALSO
254;16/10/2010;42;10;2010;FALSO
255;17/10/2010;43;10;2010;FALSO
256;18/10/2010;43;10;2010;FALSO
257;19/10/2010;43;10;2010;FALSO
258;20/10/2010;43;10;2010;FALSO
259;21/10/2010;43;10;2010;FALSO
260;22/10/2010;43;10;2010;FALSO
261;23/10/2010;43;10;2010;FALSO
262;24/10/2010;44;10;2010;FALSO
263;25/10/2010;44;10;2010;FALSO
264;26/10/2010;44;10;2010;FALSO
265;27/10/2010;44;10;2010;FALSO
266;28/10/2010;44;10;2010;FALSO
267;29/10/2010;44;10;2010;FALSO
268;30/10/2010;44;10;2010;FALSO
269;31/10/2010;45;10;2010;FALSO
270;01/11/2010;45;11;2010;FALSO
271;02/11/2010;45;11;2010;FALSO
272;03/11/2010;45;11;2010;FALSO
273;04/11/2010;45;11;2010;FALSO
274;05/11/2010;45;11;2010;FALSO
275;06/11/2010;45;11;2010;FALSO
276;07/11/2010;46;11;2010;FALSO
277;08/11/2010;46;11;2010;FALSO
278;09/11/2010;46;11;2010;FALSO
279;10/11/2010;46;11;2010;FALSO
280;11/11/2010;46;11;2010;FALSO
281;12/11/2010;46;11;2010;FALSO
282;13/11/2010;46;11;2010;FALSO
283;14/11/2010;47;11;2010;FALSO
284;15/11/2010;47;11;2010;FALSO
285;16/11/2010;47;11;2010;FALSO
286;17/11/2010;47;11;2010;FALSO
287;18/11/2010;47;11;2010;FALSO
288;19/11/2010;47;11;2010;FALSO
289;20/11/2010;47;11;2010;FALSO
290;21/11/2010;48;11;2010;FALSO
291;22/11/2010;48;11;2010;FALSO
292;23/11/2010;48;11;2010;FALSO
293;24/11/2010;48;11;2010;FALSO
294;25/11/2010;48;11;2010;FALSO
295;26/11/2010;48;11;2010;VERDADEIRO
296;27/11/2010;48;11;2010;FALSO
297;28/11/2010;49;11;2010;FALSO
298;29/11/2010;49;11;2010;FALSO
299;30/11/2010;49;11;2010;FALSO
300;01/12/2010;49;12;2010;VERDADEIRO
301;02/12/2010;49;12;2010;VERDADEIRO
302;03/12/2010;49;12;2010;VERDADEIRO
303;04/12/2010;49;12;2010;VERDADEIRO
304;05/12/2010;50;12;2010;VERDADEIRO
305;06/12/2010;50;12;2010;VERDADEIRO
306;07/12/2010;50;12;2010;VERDADEIRO
307;08/12/2010;50;12;2010;VERDADEIRO
308;09/12/2010;50;12;2010;VERDADEIRO
309;10/12/2010;50;12;2010;VERDADEIRO
310;11/12/2010;50;12;2010;VERDADEIRO
311;12/12/2010;51;12;2010;VERDADEIRO
312;13/12/2010;51;12;2010;VERDADEIRO
313;14/12/2010;51;12;2010;VERDADEIRO
314;15/12/2010;51;12;2010;VERDADEIRO
315;16/12/2010;51;12;2010;VERDADEIRO
316;17/12/2010;51;12;2010;VERDADEIRO
317;18/12/2010;51;12;2010;VERDADEIRO
318;19/12/2010;52;12;2010;VERDADEIRO
319;20/12/2010;52;12;2010;VERDADEIRO
320;21/12/2010;52;12;2010;VERDADEIRO
321;22/12/2010;52;12;2010;VERDADEIRO
322;23/12/2010;52;12;2010;VERDADEIRO
323;24/12/2010;52;12;2010;VERDADEIRO
324;25/12/2010;52;12;2010;VERDADEIRO
325;26/12/2010;53;12;2010;VERDADEIRO
326;27/12/2010;53;12;2010;VERDADEIRO
327;28/12/2010;53;12;2010;VERDADEIRO
328;29/12/2010;53;12;2010;VERDADEIRO
329;30/12/2010;53;12;2010;VERDADEIRO
330;31/12/2010;53;12;2010;VERDADEIRO
331;01/01/2011;1;1;2011;FALSO
332;02/01/2011;2;1;2011;FALSO
333;03/01/2011;2;1;2011;FALSO
334;04/01/2011;2;1;2011;FALSO
335;05/01/2011;2;1;2011;FALSO
336;06/01/2011;2;1;2011;FALSO
337;07/01/2011;2;1;2011;FALSO
338;08/01/2011;2;1;2011;FALSO
339;09/01/2011;3;1;2011;FALSO
340;10/01/2011;3;1;2011;FALSO
341;11/01/2011;3;1;2011;FALSO
342;12/01/2011;3;1;2011;FALSO
343;13/01/2011;3;1;2011;FALSO
344;14/01/2011;3;1;2011;FALSO
345;15/01/2011;3;1;2011;FALSO
346;16/01/2011;4;1;2011;FALSO
347;17/01/2011;4;1;2011;FALSO
348;18/01/2011;4;1;2011;FALSO
349;19/01/2011;4;1;2011;FALSO
350;20/01/2011;4;1;2011;FALSO
351;21/01/2011;4;1;2011;FALSO
352;22/01/2011;4;1;2011;FALSO
353;23/01/2011;5;1;2011;FALSO
354;24/01/2011;5;1;2011;FALSO
355;25/01/2011;5;1;2011;FALSO
356;26/01/2011;5;1;2011;FALSO
357;27/01/2011;5;1;2011;FALSO
358;28/01/2011;5;1;2011;FALSO
359;29/01/2011;5;1;2011;FALSO
360;30/01/2011;6;1;2011;FALSO
361;31/01/2011;6;1;2011;FALSO
362;01/02/2011;6;2;2011;FALSO
363;02/02/2011;6;2;2011;FALSO
364;03/02/2011;6;2;2011;FALSO
365;04/02/2011;6;2;2011;FALSO
366;05/02/2011;6;2;2011;FALSO
367;06/02/2011;7;2;2011;FALSO
368;07/02/2011;7;2;2011;FALSO
369;08/02/2011;7;2;2011;FALSO
370;09/02/2011;7;2;2011;FALSO
371;10/02/2011;7;2;2011;FALSO
372;11/02/2011;7;2;2011;VERDADEIRO
373;12/02/2011;7;2;2011;FALSO
374;13/02/2011;8;2;2011;FALSO
375;14/02/2011;8;2;2011;FALSO
376;15/02/2011;8;2;2011;FALSO
377;16/02/2011;8;2;2011;FALSO
378;17/02/2011;8;2;2011;FALSO
379;18/02/2011;8;2;2011;FALSO
380;19/02/2011;8;2;2011;FALSO
381;20/02/2011;9;2;2011;FALSO
382;21/02/2011;9;2;2011;FALSO
383;22/02/2011;9;2;2011;FALSO
384;23/02/2011;9;2;2011;FALSO
385;24/02/2011;9;2;2011;FALSO
386;25/02/2011;9;2;2011;FALSO
387;26/02/2011;9;2;2011;FALSO
388;27/02/2011;10;2;2011;FALSO
389;28/02/2011;10;2;2011;FALSO
390;01/03/2011;10;3;2011;FALSO
391;02/03/2011;10;3;2011;FALSO
392;03/03/2011;10;3;2011;FALSO
393;04/03/2011;10;3;2011;FALSO
394;05/03/2011;10;3;2011;FALSO
395;06/03/2011;11;3;2011;FALSO
396;07/03/2011;11;3;2011;FALSO
397;08/03/2011;11;3;2011;FALSO
398;09/03/2011;11;3;2011;FALSO
399;10/03/2011;11;3;2011;FALSO
400;11/03/2011;11;3;2011;FALSO
401;12/03/2011;11;3;2011;FALSO
402;13/03/2011;12;3;2011;FALSO
403;14/03/2011;12;3;2011;FALSO
404;15/03/2011;12;3;2011;FALSO
405;16/03/2011;12;3;2011;FALSO
406;17/03/2011;12;3;2011;FALSO
407;18/03/2011;12;3;2011;FALSO
408;19/03/2011;12;3;2011;FALSO
409;20/03/2011;13;3;2011;FALSO
410;21/03/2011;13;3;2011;FALSO
411;22/03/2011;13;3;2011;FALSO
412;23/03/2011;13;3;2011;FALSO
413;24/03/2011;13;3;2011;FALSO
414;25/03/2011;13;3;2011;FALSO
415;26/03/2011;13;3;2011;FALSO
416;27/03/2011;14;3;2011;FALSO
417;28/03/2011;14;3;2011;FALSO
418;29/03/2011;14;3;2011;FALSO
419;30/03/2011;14;3;2011;FALSO
420;31/03/2011;14;3;2011;FALSO
421;01/04/2011;14;4;2011;FALSO
422;02/04/2011;14;4;2011;FALSO
423;03/04/2011;15;4;2011;FALSO
424;04/04/2011;15;4;2011;FALSO
425;05/04/2011;15;4;2011;FALSO
426;06/04/2011;15;4;2011;FALSO
427;07/04/2011;15;4;2011;FALSO
428;08/04/2011;15;4;2011;FALSO
429;09/04/2011;15;4;2011;FALSO
430;10/04/2011;16;4;2011;FALSO
431;11/04/2011;16;4;2011;FALSO
432;12/04/2011;16;4;2011;FALSO
433;13/04/2011;16;4;2011;FALSO
434;14/04/2011;16;4;2011;FALSO
435;15/04/2011;16;4;2011;FALSO
436;16/04/2011;16;4;2011;FALSO
437;17/04/2011;17;4;2011;FALSO
438;18/04/2011;17;4;2011;FALSO
439;19/04/2011;17;4;2011;FALSO
440;20/04/2011;17;4;2011;FALSO
441;21/04/2011;17;4;2011;FALSO
442;22/04/2011;17;4;2011;FALSO
443;23/04/2011;17;4;2011;FALSO
444;24/04/2011;18;4;2011;FALSO
445;25/04/2011;18;4;2011;FALSO
446;26/04/2011;18;4;2011;FALSO
447;27/04/2011;18;4;2011;FALSO
448;28/04/2011;18;4;2011;FALSO
449;29/04/2011;18;4;2011;FALSO
450;30/04/2011;18;4;2011;FALSO
451;01/05/2011;19;5;2011;FALSO
452;02/05/2011;19;5;2011;FALSO
453;03/05/2011;19;5;2011;FALSO
454;04/05/2011;19;5;2011;FALSO
455;05/05/2011;19;5;2011;FALSO
456;06/05/2011;19;5;2011;FALSO
457;07/05/2011;19;5;2011;FALSO
458;08/05/2011;20;5;2011;FALSO
459;09/05/2011;20;5;2011;FALSO
460;10/05/2011;20;5;2011;FALSO
461;11/05/2011;20;5;2011;FALSO
462;12/05/2011;20;5;2011;FALSO
463;13/05/2011;20;5;2011;FALSO
464;14/05/2011;20;5;2011;FALSO
465;15/05/2011;21;5;2011;FALSO
466;16/05/2011;21;5;2011;FALSO
467;17/05/2011;21;5;2011;FALSO
468;18/05/2011;21;5;2011;FALSO
469;19/05/2011;21;5;2011;FALSO
470;20/05/2011;21;5;2011;FALSO
471;21/05/2011;21;5;2011;FALSO
472;22/05/2011;22;5;2011;FALSO
473;23/05/2011;22;5;2011;FALSO
474;24/05/2011;22;5;2011;FALSO
475;25/05/2011;22;5;2011;FALSO
476;26/05/2011;22;5;2011;FALSO
477;27/05/2011;22;5;2011;FALSO
478;28/05/2011;22;5;2011;FALSO
479;29/05/2011;23;5;2011;FALSO
480;30/05/2011;23;5;2011;FALSO
481;31/05/2011;23;5;2011;FALSO
482;01/06/2011;23;6;2011;FALSO
483;02/06/2011;23;6;2011;FALSO
484;03/06/2011;23;6;2011;FALSO
485;04/06/2011;23;6;2011;FALSO
486;05/06/2011;24;6;2011;FALSO
487;06/06/2011;24;6;2011;FALSO
488;07/06/2011;24;6;2011;FALSO
489;08/06/2011;24;6;2011;FALSO
490;09/06/2011;24;6;2011;FALSO
491;10/06/2011;24;6;2011;FALSO
492;11/06/2011;24;6;2011;FALSO
493;12/06/2011;25;6;2011;FALSO
494;13/06/2011;25;6;2011;FALSO
495;14/06/2011;25;6;2011;FALSO
496;15/06/2011;25;6;2011;FALSO
497;16/06/2011;25;6;2011;FALSO
498;17/06/2011;25;6;2011;FALSO
499;18/06/2011;25;6;2011;FALSO
500;19/06/2011;26;6;2011;FALSO
501;20/06/2011;26;6;2011;FALSO
502;21/06/2011;26;6;2011;FALSO
503;22/06/2011;26;6;2011;FALSO
504;23/06/2011;26;6;2011;FALSO
505;24/06/2011;26;6;2011;FALSO
506;25/06/2011;26;6;2011;FALSO
507;26/06/2011;27;6;2011;FALSO
508;27/06/2011;27;6;2011;FALSO
509;28/06/2011;27;6;2011;FALSO
510;29/06/2011;27;6;2011;FALSO
511;30/06/2011;27;6;2011;FALSO
512;01/07/2011;27;7;2011;FALSO
513;02/07/2011;27;7;2011;FALSO
514;03/07/2011;28;7;2011;FALSO
515;04/07/2011;28;7;2011;FALSO
516;05/07/2011;28;7;2011;FALSO
517;06/07/2011;28;7;2011;FALSO
518;07/07/2011;28;7;2011;FALSO
519;08/07/2011;28;7;2011;FALSO
520;09/07/2011;28;7;2011;FALSO
521;10/07/2011;29;7;2011;FALSO
522;11/07/2011;29;7;2011;FALSO
523;12/07/2011;29;7;2011;FALSO
524;13/07/2011;29;7;2011;FALSO
525;14/07/2011;29;7;2011;FALSO
526;15/07/2011;29;7;2011;FALSO
527;16/07/2011;29;7;2011;FALSO
528;17/07/2011;30;7;2011;FALSO
529;18/07/2011;30;7;2011;FALSO
530;19/07/2011;30;7;2011;FALSO
531;20/07/2011;30;7;2011;FALSO
532;21/07/2011;30;7;2011;FALSO
533;22/07/2011;30;7;2011;FALSO
534;23/07/2011;30;7;2011;FALSO
535;24/07/2011;31;7;2011;FALSO
536;25/07/2011;31;7;2011;FALSO
537;26/07/2011;31;7;2011;FALSO
538;27/07/2011;31;7;2011;FALSO
539;28/07/2011;31;7;2011;FALSO
540;29/07/2011;31;7;2011;FALSO
541;30/07/2011;31;7;2011;FALSO
542;31/07/2011;32;7;2011;FALSO
543;01/08/2011;32;8;2011;FALSO
544;02/08/2011;32;8;2011;FALSO
545;03/08/2011;32;8;2011;FALSO
546;04/08/2011;32;8;2011;FALSO
547;05/08/2011;32;8;2011;FALSO
548;06/08/2011;32;8;2011;FALSO
549;07/08/2011;33;8;2011;FALSO
550;08/08/2011;33;8;2011;FALSO
551;09/08/2011;33;8;2011;FALSO
552;10/08/2011;33;8;2011;FALSO
553;11/08/2011;33;8;2011;FALSO
554;12/08/2011;33;8;2011;FALSO
555;13/08/2011;33;8;2011;FALSO
556;14/08/2011;34;8;2011;FALSO
557;15/08/2011;34;8;2011;FALSO
558;16/08/2011;34;8;2011;FALSO
559;17/08/2011;34;8;2011;FALSO
560;18/08/2011;34;8;2011;FALSO
561;19/08/2011;34;8;2011;FALSO
562;20/08/2011;34;8;2011;FALSO
563;21/08/2011;35;8;2011;FALSO
564;22/08/2011;35;8;2011;FALSO
565;23/08/2011;35;8;2011;FALSO
566;24/08/2011;35;8;2011;FALSO
567;25/08/2011;35;8;2011;FALSO
568;26/08/2011;35;8;2011;FALSO
569;27/08/2011;35;8;2011;FALSO
570;28/08/2011;36;8;2011;FALSO
571;29/08/2011;36;8;2011;FALSO
572;30/08/2011;36;8;2011;FALSO
573;31/08/2011;36;8;2011;FALSO
574;01/09/2011;36;9;2011;FALSO
575;02/09/2011;36;9;2011;FALSO
576;03/09/2011;36;9;2011;FALSO
577;04/09/2011;37;9;2011;FALSO
578;05/09/2011;37;9;2011;FALSO
579;06/09/2011;37;9;2011;FALSO
580;07/09/2011;37;9;2011;FALSO
581;08/09/2011;37;9;2011;FALSO
582;09/09/2011;37;9;2011;VERDADEIRO
583;10/09/2011;37;9;2011;FALSO
584;11/09/2011;38;9;2011;FALSO
585;12/09/2011;38;9;2011;FALSO
586;13/09/2011;38;9;2011;FALSO
587;14/09/2011;38;9;2011;FALSO
588;15/09/2011;38;9;2011;FALSO
589;16/09/2011;38;9;2011;FALSO
590;17/09/2011;38;9;2011;FALSO
591;18/09/2011;39;9;2011;FALSO
592;19/09/2011;39;9;2011;FALSO
593;20/09/2011;39;9;2011;FALSO
594;21/09/2011;39;9;2011;FALSO
595;22/09/2011;39;9;2011;FALSO
596;23/09/2011;39;9;2011;FALSO
597;24/09/2011;39;9;2011;FALSO
598;25/09/2011;40;9;2011;FALSO
599;26/09/2011;40;9;2011;FALSO
600;27/09/2011;40;9;2011;FALSO
601;28/09/2011;40;9;2011;FALSO
602;29/09/2011;40;9;2011;FALSO
603;30/09/2011;40;9;2011;FALSO
604;01/10/2011;40;10;2011;FALSO
605;02/10/2011;41;10;2011;FALSO
606;03/10/2011;41;10;2011;FALSO
607;04/10/2011;41;10;2011;FALSO
608;05/10/2011;41;10;2011;FALSO
609;06/10/2011;41;10;2011;FALSO
610;07/10/2011;41;10;2011;FALSO
611;08/10/2011;41;10;2011;FALSO
612;09/10/2011;42;10;2011;FALSO
613;10/10/2011;42;10;2011;FALSO
614;11/10/2011;42;10;2011;FALSO
615;12/10/2011;42;10;2011;FALSO
616;13/10/2011;42;10;2011;FALSO
617;14/10/2011;42;10;2011;FALSO
618;15/10/2011;42;10;2011;FALSO
619;16/10/2011;43;10;2011;FALSO
620;17/10/2011;43;10;2011;FALSO
621;18/10/2011;43;10;2011;FALSO
622;19/10/2011;43;10;2011;FALSO
623;20/10/2011;43;10;2011;FALSO
624;21/10/2011;43;10;2011;FALSO
625;22/10/2011;43;10;2011;FALSO
626;23/10/2011;44;10;2011;FALSO
627;24/10/2011;44;10;2011;FALSO
628;25/10/2011;44;10;2011;FALSO
629;26/10/2011;44;10;2011;FALSO
630;27/10/2011;44;10;2011;FALSO
631;28/10/2011;44;10;2011;FALSO
632;29/10/2011;44;10;2011;FALSO
633;30/10/2011;45;10;2011;FALSO
634;31/10/2011;45;10;2011;FALSO
635;01/11/2011;45;11;2011;FALSO
636;02/11/2011;45;11;2011;FALSO
637;03/11/2011;45;11;2011;FALSO
638;04/11/2011;45;11;2011;FALSO
639;05/11/2011;45;11;2011;FALSO
640;06/11/2011;46;11;2011;FALSO
641;07/11/2011;46;11;2011;FALSO
642;08/11/2011;46;11;2011;FALSO
643;09/11/2011;46;11;2011;FALSO
644;10/11/2011;46;11;2011;FALSO
645;11/11/2011;46;11;2011;FALSO
646;12/11/2011;46;11;2011;FALSO
647;13/11/2011;47;11;2011;FALSO
648;14/11/2011;47;11;2011;FALSO
649;15/11/2011;47;11;2011;FALSO
650;16/11/2011;47;11;2011;FALSO
651;17/11/2011;47;11;2011;FALSO
652;18/11/2011;47;11;2011;FALSO
653;19/11/2011;47;11;2011;FALSO
654;20/11/2011;48;11;2011;FALSO
655;21/11/2011;48;11;2011;FALSO
656;22/11/2011;48;11;2011;FALSO
657;23/11/2011;48;11;2011;FALSO
658;24/11/2011;48;11;2011;FALSO
659;25/11/2011;48;11;2011;VERDADEIRO
660;26/11/2011;48;11;2011;FALSO
661;27/11/2011;49;11;2011;FALSO
662;28/11/2011;49;11;2011;FALSO
663;29/11/2011;49;11;2011;FALSO
664;30/11/2011;49;11;2011;FALSO
665;01/12/2011;49;12;2011;FALSO
666;02/12/2011;49;12;2011;FALSO
667;03/12/2011;49;12;2011;FALSO
668;04/12/2011;50;12;2011;FALSO
669;05/12/2011;50;12;2011;FALSO
670;06/12/2011;50;12;2011;FALSO
671;07/12/2011;50;12;2011;FALSO
672;08/12/2011;50;12;2011;FALSO
673;09/12/2011;50;12;2011;FALSO
674;10/12/2011;50;12;2011;FALSO
675;11/12/2011;51;12;2011;FALSO
676;12/12/2011;51;12;2011;FALSO
677;13/12/2011;51;12;2011;FALSO
678;14/12/2011;51;12;2011;FALSO
679;15/12/2011;51;12;2011;FALSO
680;16/12/2011;51;12;2011;FALSO
681;17/12/2011;51;12;2011;FALSO
682;18/12/2011;52;12;2011;FALSO
683;19/12/2011;52;12;2011;FALSO
684;20/12/2011;52;12;2011;FALSO
685;21/12/2011;52;12;2011;FALSO
686;22/12/2011;52;12;2011;FALSO
687;23/12/2011;52;12;2011;FALSO
688;24/12/2011;52;12;2011;FALSO
689;25/12/2011;53;12;2011;FALSO
690;26/12/2011;53;12;2011;FALSO
691;27/12/2011;53;12;2011;FALSO
692;28/12/2011;53;12;2011;FALSO
693;29/12/2011;53;12;2011;FALSO
694;30/12/2011;53;12;2011;VERDADEIRO
695;31/12/2011;53;12;2011;FALSO
696;01/01/2012;1;1;2012;FALSO
697;02/01/2012;1;1;2012;FALSO
698;03/01/2012;1;1;2012;FALSO
699;04/01/2012;1;1;2012;FALSO
700;05/01/2012;1;1;2012;FALSO
701;06/01/2012;1;1;2012;FALSO
702;07/01/2012;1;1;2012;FALSO
703;08/01/2012;2;1;2012;FALSO
704;09/01/2012;2;1;2012;FALSO
705;10/01/2012;2;1;2012;FALSO
706;11/01/2012;2;1;2012;FALSO
707;12/01/2012;2;1;2012;FALSO
708;13/01/2012;2;1;2012;FALSO
709;14/01/2012;2;1;2012;FALSO
710;15/01/2012;3;1;2012;FALSO
711;16/01/2012;3;1;2012;FALSO
712;17/01/2012;3;1;2012;FALSO
713;18/01/2012;3;1;2012;FALSO
714;19/01/2012;3;1;2012;FALSO
715;20/01/2012;3;1;2012;FALSO
716;21/01/2012;3;1;2012;FALSO
717;22/01/2012;4;1;2012;FALSO
718;23/01/2012;4;1;2012;FALSO
719;24/01/2012;4;1;2012;FALSO
720;25/01/2012;4;1;2012;FALSO
721;26/01/2012;4;1;2012;FALSO
722;27/01/2012;4;1;2012;FALSO
723;28/01/2012;4;1;2012;FALSO
724;29/01/2012;5;1;2012;FALSO
725;30/01/2012;5;1;2012;FALSO
726;31/01/2012;5;1;2012;FALSO
727;01/02/2012;5;2;2012;FALSO
728;02/02/2012;5;2;2012;FALSO
729;03/02/2012;5;2;2012;FALSO
730;04/02/2012;5;2;2012;FALSO
731;05/02/2012;6;2;2012;FALSO
732;06/02/2012;6;2;2012;FALSO
733;07/02/2012;6;2;2012;FALSO
734;08/02/2012;6;2;2012;FALSO
735;09/02/2012;6;2;2012;FALSO
736;10/02/2012;6;2;2012;VERDADEIRO
737;11/02/2012;6;2;2012;FALSO
738;12/02/2012;7;2;2012;FALSO
739;13/02/2012;7;2;2012;FALSO
740;14/02/2012;7;2;2012;FALSO
741;15/02/2012;7;2;2012;FALSO
742;16/02/2012;7;2;2012;FALSO
743;17/02/2012;7;2;2012;FALSO
744;18/02/2012;7;2;2012;FALSO
745;19/02/2012;8;2;2012;FALSO
746;20/02/2012;8;2;2012;FALSO
747;21/02/2012;8;2;2012;FALSO
748;22/02/2012;8;2;2012;FALSO
749;23/02/2012;8;2;2012;FALSO
750;24/02/2012;8;2;2012;FALSO
751;25/02/2012;8;2;2012;FALSO
752;26/02/2012;9;2;2012;FALSO
753;27/02/2012;9;2;2012;FALSO
754;28/02/2012;9;2;2012;FALSO
755;29/02/2012;9;2;2012;FALSO
756;01/03/2012;9;3;2012;FALSO
757;02/03/2012;9;3;2012;FALSO
758;03/03/2012;9;3;2012;FALSO
759;04/03/2012;10;3;2012;FALSO
760;05/03/2012;10;3;2012;FALSO
761;06/03/2012;10;3;2012;FALSO
762;07/03/2012;10;3;2012;FALSO
763;08/03/2012;10;3;2012;FALSO
764;09/03/2012;10;3;2012;FALSO
765;10/03/2012;10;3;2012;FALSO
766;11/03/2012;11;3;2012;FALSO
767;12/03/2012;11;3;2012;FALSO
768;13/03/2012;11;3;2012;FALSO
769;14/03/2012;11;3;2012;FALSO
770;15/03/2012;11;3;2012;FALSO
771;16/03/2012;11;3;2012;FALSO
772;17/03/2012;11;3;2012;FALSO
773;18/03/2012;12;3;2012;FALSO
774;19/03/2012;12;3;2012;FALSO
775;20/03/2012;12;3;2012;FALSO
776;21/03/2012;12;3;2012;FALSO
777;22/03/2012;12;3;2012;FALSO
778;23/03/2012;12;3;2012;FALSO
779;24/03/2012;12;3;2012;FALSO
780;25/03/2012;13;3;2012;FALSO
781;26/03/2012;13;3;2012;FALSO
782;27/03/2012;13;3;2012;FALSO
783;28/03/2012;13;3;2012;FALSO
784;29/03/2012;13;3;2012;FALSO
785;30/03/2012;13;3;2012;FALSO
786;31/03/2012;13;3;2012;FALSO
787;01/04/2012;14;4;2012;FALSO
788;02/04/2012;14;4;2012;FALSO
789;03/04/2012;14;4;2012;FALSO
790;04/04/2012;14;4;2012;FALSO
791;05/04/2012;14;4;2012;FALSO
792;06/04/2012;14;4;2012;FALSO
793;07/04/2012;14;4;2012;FALSO
794;08/04/2012;15;4;2012;FALSO
795;09/04/2012;15;4;2012;FALSO
796;10/04/2012;15;4;2012;FALSO
797;11/04/2012;15;4;2012;FALSO
798;12/04/2012;15;4;2012;FALSO
799;13/04/2012;15;4;2012;FALSO
800;14/04/2012;15;4;2012;FALSO
801;15/04/2012;16;4;2012;FALSO
802;16/04/2012;16;4;2012;FALSO
803;17/04/2012;16;4;2012;FALSO
804;18/04/2012;16;4;2012;FALSO
805;19/04/2012;16;4;2012;FALSO
806;20/04/2012;16;4;2012;FALSO
807;21/04/2012;16;4;2012;FALSO
808;22/04/2012;17;4;2012;FALSO
809;23/04/2012;17;4;2012;FALSO
810;24/04/2012;17;4;2012;FALSO
811;25/04/2012;17;4;2012;FALSO
812;26/04/2012;17;4;2012;FALSO
813;27/04/2012;17;4;2012;FALSO
814;28/04/2012;17;4;2012;FALSO
815;29/04/2012;18;4;2012;FALSO
816;30/04/2012;18;4;2012;FALSO
817;01/05/2012;18;5;2012;FALSO
818;02/05/2012;18;5;2012;FALSO
819;03/05/2012;18;5;2012;FALSO
820;04/05/2012;18;5;2012;FALSO
821;05/05/2012;18;5;2012;FALSO
822;06/05/2012;19;5;2012;FALSO
823;07/05/2012;19;5;2012;FALSO
824;08/05/2012;19;5;2012;FALSO
825;09/05/2012;19;5;2012;FALSO
826;10/05/2012;19;5;2012;FALSO
827;11/05/2012;19;5;2012;FALSO
828;12/05/2012;19;5;2012;FALSO
829;13/05/2012;20;5;2012;FALSO
830;14/05/2012;20;5;2012;FALSO
831;15/05/2012;20;5;2012;FALSO
832;16/05/2012;20;5;2012;FALSO
833;17/05/2012;20;5;2012;FALSO
834;18/05/2012;20;5;2012;FALSO
835;19/05/2012;20;5;2012;FALSO
836;20/05/2012;21;5;2012;FALSO
837;21/05/2012;21;5;2012;FALSO
838;22/05/2012;21;5;2012;FALSO
839;23/05/2012;21;5;2012;FALSO
840;24/05/2012;21;5;2012;FALSO
841;25/05/2012;21;5;2012;FALSO
842;26/05/2012;21;5;2012;FALSO
843;27/05/2012;22;5;2012;FALSO
844;28/05/2012;22;5;2012;FALSO
845;29/05/2012;22;5;2012;FALSO
846;30/05/2012;22;5;2012;FALSO
847;31/05/2012;22;5;2012;FALSO
848;01/06/2012;22;6;2012;FALSO
849;02/06/2012;22;6;2012;FALSO
850;03/06/2012;23;6;2012;FALSO
851;04/06/2012;23;6;2012;FALSO
852;05/06/2012;23;6;2012;FALSO
853;06/06/2012;23;6;2012;FALSO
854;07/06/2012;23;6;2012;FALSO
855;08/06/2012;23;6;2012;FALSO
856;09/06/2012;23;6;2012;FALSO
857;10/06/2012;24;6;2012;FALSO
858;11/06/2012;24;6;2012;FALSO
859;12/06/2012;24;6;2012;FALSO
860;13/06/2012;24;6;2012;FALSO
861;14/06/2012;24;6;2012;FALSO
862;15/06/2012;24;6;2012;FALSO
863;16/06/2012;24;6;2012;FALSO
864;17/06/2012;25;6;2012;FALSO
865;18/06/2012;25;6;2012;FALSO
866;19/06/2012;25;6;2012;FALSO
867;20/06/2012;25;6;2012;FALSO
868;21/06/2012;25;6;2012;FALSO
869;22/06/2012;25;6;2012;FALSO
870;23/06/2012;25;6;2012;FALSO
871;24/06/2012;26;6;2012;FALSO
872;25/06/2012;26;6;2012;FALSO
873;26/06/2012;26;6;2012;FALSO
874;27/06/2012;26;6;2012;FALSO
875;28/06/2012;26;6;2012;FALSO
876;29/06/2012;26;6;2012;FALSO
877;30/06/2012;26;6;2012;FALSO
878;01/07/2012;27;7;2012;FALSO
879;02/07/2012;27;7;2012;FALSO
880;03/07/2012;27;7;2012;FALSO
881;04/07/2012;27;7;2012;FALSO
882;05/07/2012;27;7;2012;FALSO
883;06/07/2012;27;7;2012;FALSO
884;07/07/2012;27;7;2012;FALSO
885;08/07/2012;28;7;2012;FALSO
886;09/07/2012;28;7;2012;FALSO
887;10/07/2012;28;7;2012;FALSO
888;11/07/2012;28;7;2012;FALSO
889;12/07/2012;28;7;2012;FALSO
890;13/07/2012;28;7;2012;FALSO
891;14/07/2012;28;7;2012;FALSO
892;15/07/2012;29;7;2012;FALSO
893;16/07/2012;29;7;2012;FALSO
894;17/07/2012;29;7;2012;FALSO
895;18/07/2012;29;7;2012;FALSO
896;19/07/2012;29;7;2012;FALSO
897;20/07/2012;29;7;2012;FALSO
898;21/07/2012;29;7;2012;FALSO
899;22/07/2012;30;7;2012;FALSO
900;23/07/2012;30;7;2012;FALSO
901;24/07/2012;30;7;2012;FALSO
902;25/07/2012;30;7;2012;FALSO
903;26/07/2012;30;7;2012;FALSO
904;27/07/2012;30;7;2012;FALSO
905;28/07/2012;30;7;2012;FALSO
906;29/07/2012;31;7;2012;FALSO
907;30/07/2012;31;7;2012;FALSO
908;31/07/2012;31;7;2012;FALSO
909;01/08/2012;31;8;2012;FALSO
910;02/08/2012;31;8;2012;FALSO
911;03/08/2012;31;8;2012;FALSO
912;04/08/2012;31;8;2012;FALSO
913;05/08/2012;32;8;2012;FALSO
914;06/08/2012;32;8;2012;FALSO
915;07/08/2012;32;8;2012;FALSO
916;08/08/2012;32;8;2012;FALSO
917;09/08/2012;32;8;2012;FALSO
918;10/08/2012;32;8;2012;FALSO
919;11/08/2012;32;8;2012;FALSO
920;12/08/2012;33;8;2012;FALSO
921;13/08/2012;33;8;2012;FALSO
922;14/08/2012;33;8;2012;FALSO
923;15/08/2012;33;8;2012;FALSO
924;16/08/2012;33;8;2012;FALSO
925;17/08/2012;33;8;2012;FALSO
926;18/08/2012;33;8;2012;FALSO
927;19/08/2012;34;8;2012;FALSO
928;20/08/2012;34;8;2012;FALSO
929;21/08/2012;34;8;2012;FALSO
930;22/08/2012;34;8;2012;FALSO
931;23/08/2012;34;8;2012;FALSO
932;24/08/2012;34;8;2012;FALSO
933;25/08/2012;34;8;2012;FALSO
934;26/08/2012;35;8;2012;FALSO
935;27/08/2012;35;8;2012;FALSO
936;28/08/2012;35;8;2012;FALSO
937;29/08/2012;35;8;2012;FALSO
938;30/08/2012;35;8;2012;FALSO
939;31/08/2012;35;8;2012;FALSO
940;01/09/2012;35;9;2012;FALSO
941;02/09/2012;36;9;2012;FALSO
942;03/09/2012;36;9;2012;FALSO
943;04/09/2012;36;9;2012;FALSO
944;05/09/2012;36;9;2012;FALSO
945;06/09/2012;36;9;2012;FALSO
946;07/09/2012;36;9;2012;VERDADEIRO
947;08/09/2012;36;9;2012;FALSO
948;09/09/2012;37;9;2012;FALSO
949;10/09/2012;37;9;2012;FALSO
950;11/09/2012;37;9;2012;FALSO
951;12/09/2012;37;9;2012;FALSO
952;13/09/2012;37;9;2012;FALSO
953;14/09/2012;37;9;2012;FALSO
954;15/09/2012;37;9;2012;FALSO
955;16/09/2012;38;9;2012;FALSO
956;17/09/2012;38;9;2012;FALSO
957;18/09/2012;38;9;2012;FALSO
958;19/09/2012;38;9;2012;FALSO
959;20/09/2012;38;9;2012;FALSO
960;21/09/2012;38;9;2012;FALSO
961;22/09/2012;38;9;2012;FALSO
962;23/09/2012;39;9;2012;FALSO
963;24/09/2012;39;9;2012;FALSO
964;25/09/2012;39;9;2012;FALSO
965;26/09/2012;39;9;2012;FALSO
966;27/09/2012;39;9;2012;FALSO
967;28/09/2012;39;9;2012;FALSO
968;29/09/2012;39;9;2012;FALSO
969;30/09/2012;40;9;2012;FALSO
970;01/10/2012;40;10;2012;FALSO
971;02/10/2012;40;10;2012;FALSO
972;03/10/2012;40;10;2012;FALSO
973;04/10/2012;40;10;2012;FALSO
974;05/10/2012;40;10;2012;FALSO
975;06/10/2012;40;10;2012;FALSO
976;07/10/2012;41;10;2012;FALSO
977;08/10/2012;41;10;2012;FALSO
978;09/10/2012;41;10;2012;FALSO
979;10/10/2012;41;10;2012;FALSO
980;11/10/2012;41;10;2012;FALSO
981;12/10/2012;41;10;2012;FALSO
982;13/10/2012;41;10;2012;FALSO
983;14/10/2012;42;10;2012;FALSO
984;15/10/2012;42;10;2012;FALSO
985;16/10/2012;42;10;2012;FALSO
986;17/10/2012;42;10;2012;FALSO
987;18/10/2012;42;10;2012;FALSO
988;19/10/2012;42;10;2012;FALSO
989;20/10/2012;42;10;2012;FALSO
990;21/10/2012;43;10;2012;FALSO
991;22/10/2012;43;10;2012;FALSO
992;23/10/2012;43;10;2012;FALSO
993;24/10/2012;43;10;2012;FALSO
994;25/10/2012;43;10;2012;FALSO
995;26/10/2012;43;10;2012;FALSO
996;27/10/2012;43;10;2012;FALSO
997;28/10/2012;44;10;2012;FALSO
998;29/10/2012;44;10;2012;FALSO
999;30/10/2012;44;10;2012;FALSO
1000;31/10/2012;44;10;2012;FALSO
1001;01/11/2012;44;11;2012;FALSO
1002;02/11/2012;44;11;2012;FALSO
1003;03/11/2012;44;11;2012;FALSO
1004;04/11/2012;45;11;2012;FALSO
1005;05/11/2012;45;11;2012;FALSO
1006;06/11/2012;45;11;2012;FALSO
1007;07/11/2012;45;11;2012;FALSO
1008;08/11/2012;45;11;2012;FALSO
1009;09/11/2012;45;11;2012;FALSO
1010;10/11/2012;45;11;2012;FALSO
1011;11/11/2012;46;11;2012;FALSO
1012;12/11/2012;46;11;2012;FALSO
1013;13/11/2012;46;11;2012;FALSO
1014;14/11/2012;46;11;2012;FALSO
1015;15/11/2012;46;11;2012;FALSO
1016;16/11/2012;46;11;2012;FALSO
1017;17/11/2012;46;11;2012;FALSO
1018;18/11/2012;47;11;2012;FALSO
1019;19/11/2012;47;11;2012;FALSO
1020;20/11/2012;47;11;2012;FALSO
1021;21/11/2012;47;11;2012;FALSO
1022;22/11/2012;47;11;2012;FALSO
1023;23/11/2012;47;11;2012;VERDADEIRO
1024;24/11/2012;47;11;2012;FALSO
1025;25/11/2012;48;11;2012;FALSO
1026;26/11/2012;48;11;2012;FALSO
1027;27/11/2012;48;11;2012;FALSO
1028;28/11/2012;48;11;2012;FALSO
1029;29/11/2012;48;11;2012;FALSO
1030;30/11/2012;48;11;2012;FALSO
1031;01/12/2012;48;12;2012;FALSO
1032;02/12/2012;49;12;2012;FALSO
1033;03/12/2012;49;12;2012;FALSO
1034;04/12/2012;49;12;2012;FALSO
1035;05/12/2012;49;12;2012;FALSO
1036;06/12/2012;49;12;2012;FALSO
1037;07/12/2012;49;12;2012;FALSO
1038;08/12/2012;49;12;2012;FALSO
1039;09/12/2012;50;12;2012;FALSO
1040;10/12/2012;50;12;2012;FALSO
1041;11/12/2012;50;12;2012;FALSO
1042;12/12/2012;50;12;2012;FALSO
1043;13/12/2012;50;12;2012;FALSO
1044;14/12/2012;50;12;2012;FALSO
1045;15/12/2012;50;12;2012;FALSO
1046;16/12/2012;51;12;2012;FALSO
1047;17/12/2012;51;12;2012;FALSO
1048;18/12/2012;51;12;2012;FALSO
1049;19/12/2012;51;12;2012;FALSO
1050;20/12/2012;51;12;2012;FALSO
1051;21/12/2012;51;12;2012;FALSO
1052;22/12/2012;51;12;2012;FALSO
1053;23/12/2012;52;12;2012;FALSO
1054;24/12/2012;52;12;2012;FALSO
1055;25/12/2012;52;12;2012;FALSO
1056;26/12/2012;52;12;2012;FALSO
1057;27/12/2012;52;12;2012;FALSO
1058;28/12/2012;52;12;2012;VERDADEIRO
1059;29/12/2012;52;12;2012;FALSO
1060;30/12/2012;53;12;2012;FALSO
1061;31/12/2012;53;12;2012;FALSO
1062;01/01/2013;1;1;2013;FALSO
1063;02/01/2013;1;1;2013;FALSO
1064;03/01/2013;1;1;2013;FALSO
1065;04/01/2013;1;1;2013;FALSO
1066;05/01/2013;1;1;2013;FALSO
1067;06/01/2013;2;1;2013;FALSO
1068;07/01/2013;2;1;2013;FALSO
1069;08/01/2013;2;1;2013;FALSO
1070;09/01/2013;2;1;2013;FALSO
1071;10/01/2013;2;1;2013;FALSO
1072;11/01/2013;2;1;2013;FALSO
1073;12/01/2013;2;1;2013;FALSO
1074;13/01/2013;3;1;2013;FALSO
1075;14/01/2013;3;1;2013;FALSO
1076;15/01/2013;3;1;2013;FALSO
1077;16/01/2013;3;1;2013;FALSO
1078;17/01/2013;3;1;2013;FALSO
1079;18/01/2013;3;1;2013;FALSO
1080;19/01/2013;3;1;2013;FALSO
1081;20/01/2013;4;1;2013;FALSO
1082;21/01/2013;4;1;2013;FALSO
1083;22/01/2013;4;1;2013;FALSO
1084;23/01/2013;4;1;2013;FALSO
1085;24/01/2013;4;1;2013;FALSO
1086;25/01/2013;4;1;2013;FALSO
1087;26/01/2013;4;1;2013;FALSO
1088;27/01/2013;5;1;2013;FALSO
1089;28/01/2013;5;1;2013;FALSO
1090;29/01/2013;5;1;2013;FALSO
1091;30/01/2013;5;1;2013;FALSO
1092;31/01/2013;5;1;2013;FALSO
1093;01/02/2013;5;2;2013;FALSO
1094;02/02/2013;5;2;2013;FALSO
1095;03/02/2013;6;2;2013;FALSO
1096;04/02/2013;6;2;2013;FALSO
1097;05/02/2013;6;2;2013;FALSO
1098;06/02/2013;6;2;2013;FALSO
1099;07/02/2013;6;2;2013;FALSO
1100;08/02/2013;6;2;2013;VERDADEIRO
1101;09/02/2013;6;2;2013;FALSO
1102;10/02/2013;7;2;2013;FALSO
1103;11/02/2013;7;2;2013;FALSO
1104;12/02/2013;7;2;2013;FALSO
1105;13/02/2013;7;2;2013;FALSO
1106;14/02/2013;7;2;2013;FALSO
1107;15/02/2013;7;2;2013;FALSO
1108;16/02/2013;7;2;2013;FALSO
1109;17/02/2013;8;2;2013;FALSO
1110;18/02/2013;8;2;2013;FALSO
1111;19/02/2013;8;2;2013;FALSO
1112;20/02/2013;8;2;2013;FALSO
1113;21/02/2013;8;2;2013;FALSO
1114;22/02/2013;8;2;2013;FALSO
1115;23/02/2013;8;2;2013;FALSO
1116;24/02/2013;9;2;2013;FALSO
1117;25/02/2013;9;2;2013;FALSO
1118;26/02/2013;9;2;2013;FALSO
1119;27/02/2013;9;2;2013;FALSO
1120;28/02/2013;9;2;2013;FALSO
1121;01/03/2013;9;3;2013;FALSO
1122;02/03/2013;9;3;2013;FALSO
1123;03/03/2013;10;3;2013;FALSO
1124;04/03/2013;10;3;2013;FALSO
1125;05/03/2013;10;3;2013;FALSO
1126;06/03/2013;10;3;2013;FALSO
1127;07/03/2013;10;3;2013;FALSO
1128;08/03/2013;10;3;2013;FALSO
1129;09/03/2013;10;3;2013;FALSO
1130;10/03/2013;11;3;2013;FALSO
1131;11/03/2013;11;3;2013;FALSO
1132;12/03/2013;11;3;2013;FALSO
1133;13/03/2013;11;3;2013;FALSO
1134;14/03/2013;11;3;2013;FALSO
1135;15/03/2013;11;3;2013;FALSO
1136;16/03/2013;11;3;2013;FALSO
1137;17/03/2013;12;3;2013;FALSO
1138;18/03/2013;12;3;2013;FALSO
1139;19/03/2013;12;3;2013;FALSO
1140;20/03/2013;12;3;2013;FALSO
1141;21/03/2013;12;3;2013;FALSO
1142;22/03/2013;12;3;2013;FALSO
1143;23/03/2013;12;3;2013;FALSO
1144;24/03/2013;13;3;2013;FALSO
1145;25/03/2013;13;3;2013;FALSO
1146;26/03/2013;13;3;2013;FALSO
1147;27/03/2013;13;3;2013;FALSO
1148;28/03/2013;13;3;2013;FALSO
1149;29/03/2013;13;3;2013;FALSO
1150;30/03/2013;13;3;2013;FALSO
1151;31/03/2013;14;3;2013;FALSO
1152;01/04/2013;14;4;2013;FALSO
1153;02/04/2013;14;4;2013;FALSO
1154;03/04/2013;14;4;2013;FALSO
1155;04/04/2013;14;4;2013;FALSO
1156;05/04/2013;14;4;2013;FALSO
1157;06/04/2013;14;4;2013;FALSO
1158;07/04/2013;15;4;2013;FALSO
1159;08/04/2013;15;4;2013;FALSO
1160;09/04/2013;15;4;2013;FALSO
1161;10/04/2013;15;4;2013;FALSO
1162;11/04/2013;15;4;2013;FALSO
1163;12/04/2013;15;4;2013;FALSO
1164;13/04/2013;15;4;2013;FALSO
1165;14/04/2013;16;4;2013;FALSO
1166;15/04/2013;16;4;2013;FALSO
1167;16/04/2013;16;4;2013;FALSO
1168;17/04/2013;16;4;2013;FALSO
1169;18/04/2013;16;4;2013;FALSO
1170;19/04/2013;16;4;2013;FALSO
1171;20/04/2013;16;4;2013;FALSO
1172;21/04/2013;17;4;2013;FALSO
1173;22/04/2013;17;4;2013;FALSO
1174;23/04/2013;17;4;2013;FALSO
1175;24/04/2013;17;4;2013;FALSO
1176;25/04/2013;17;4;2013;FALSO
1177;26/04/2013;17;4;2013;FALSO
1178;27/04/2013;17;4;2013;FALSO
1179;28/04/2013;18;4;2013;FALSO
1180;29/04/2013;18;4;2013;FALSO
1181;30/04/2013;18;4;2013;FALSO
1182;01/05/2013;18;5;2013;FALSO
1183;02/05/2013;18;5;2013;FALSO
1184;03/05/2013;18;5;2013;FALSO
1185;04/05/2013;18;5;2013;FALSO
1186;05/05/2013;19;5;2013;FALSO
1187;06/05/2013;19;5;2013;FALSO
1188;07/05/2013;19;5;2013;FALSO
1189;08/05/2013;19;5;2013;FALSO
1190;09/05/2013;19;5;2013;FALSO
1191;10/05/2013;19;5;2013;FALSO
1192;11/05/2013;19;5;2013;FALSO
1193;12/05/2013;20;5;2013;FALSO
1194;13/05/2013;20;5;2013;FALSO
1195;14/05/2013;20;5;2013;FALSO
1196;15/05/2013;20;5;2013;FALSO
1197;16/05/2013;20;5;2013;FALSO
1198;17/05/2013;20;5;2013;FALSO
1199;18/05/2013;20;5;2013;FALSO
1200;19/05/2013;21;5;2013;FALSO
1201;20/05/2013;21;5;2013;FALSO
1202;21/05/2013;21;5;2013;FALSO
1203;22/05/2013;21;5;2013;FALSO
1204;23/05/2013;21;5;2013;FALSO
1205;24/05/2013;21;5;2013;FALSO
1206;25/05/2013;21;5;2013;FALSO
1207;26/05/2013;22;5;2013;FALSO
1208;27/05/2013;22;5;2013;FALSO
1209;28/05/2013;22;5;2013;FALSO
1210;29/05/2013;22;5;2013;FALSO
1211;30/05/2013;22;5;2013;FALSO
1212;31/05/2013;22;5;2013;FALSO
1213;01/06/2013;22;6;2013;FALSO
1214;02/06/2013;23;6;2013;FALSO
1215;03/06/2013;23;6;2013;FALSO
1216;04/06/2013;23;6;2013;FALSO
1217;05/06/2013;23;6;2013;FALSO
1218;06/06/2013;23;6;2013;FALSO
1219;07/06/2013;23;6;2013;FALSO
1220;08/06/2013;23;6;2013;FALSO
1221;09/06/2013;24;6;2013;FALSO
1222;10/06/2013;24;6;2013;FALSO
1223;11/06/2013;24;6;2013;FALSO
1224;12/06/2013;24;6;2013;FALSO
1225;13/06/2013;24;6;2013;FALSO
1226;14/06/2013;24;6;2013;FALSO
1227;15/06/2013;24;6;2013;FALSO
1228;16/06/2013;25;6;2013;FALSO
1229;17/06/2013;25;6;2013;FALSO
1230;18/06/2013;25;6;2013;FALSO
1231;19/06/2013;25;6;2013;FALSO
1232;20/06/2013;25;6;2013;FALSO
1233;21/06/2013;25;6;2013;FALSO
1234;22/06/2013;25;6;2013;FALSO
1235;23/06/2013;26;6;2013;FALSO
1236;24/06/2013;26;6;2013;FALSO
1237;25/06/2013;26;6;2013;FALSO
1238;26/06/2013;26;6;2013;FALSO
1239;27/06/2013;26;6;2013;FALSO
1240;28/06/2013;26;6;2013;FALSO
1241;29/06/2013;26;6;2013;FALSO
1242;30/06/2013;27;6;2013;FALSO
1243;01/07/2013;27;7;2013;FALSO
1244;02/07/2013;27;7;2013;FALSO
1245;03/07/2013;27;7;2013;FALSO
1246;04/07/2013;27;7;2013;FALSO
1247;05/07/2013;27;7;2013;FALSO
1248;06/07/2013;27;7;2013;FALSO
1249;07/07/2013;28;7;2013;FALSO
1250;08/07/2013;28;7;2013;FALSO
1251;09/07/2013;28;7;2013;FALSO
1252;10/07/2013;28;7;2013;FALSO
1253;11/07/2013;28;7;2013;FALSO
1254;12/07/2013;28;7;2013;FALSO
1255;13/07/2013;28;7;2013;FALSO
1256;14/07/2013;29;7;2013;FALSO
1257;15/07/2013;29;7;2013;FALSO
1258;16/07/2013;29;7;2013;FALSO
1259;17/07/2013;29;7;2013;FALSO
1260;18/07/2013;29;7;2013;FALSO
1261;19/07/2013;29;7;2013;FALSO
1262;20/07/2013;29;7;2013;FALSO
1263;21/07/2013;30;7;2013;FALSO
1264;22/07/2013;30;7;2013;FALSO
1265;23/07/2013;30;7;2013;FALSO
1266;24/07/2013;30;7;2013;FALSO
1267;25/07/2013;30;7;2013;FALSO
1268;26/07/2013;30;7;2013;FALSO
1269;27/07/2013;30;7;2013;FALSO
1270;28/07/2013;31;7;2013;FALSO
1271;29/07/2013;31;7;2013;FALSO
1272;30/07/2013;31;7;2013;FALSO
1273;31/07/2013;31;7;2013;FALSO
1274;01/08/2013;31;8;2013;FALSO
1275;02/08/2013;31;8;2013;FALSO
1276;03/08/2013;31;8;2013;FALSO
1277;04/08/2013;32;8;2013;FALSO
1278;05/08/2013;32;8;2013;FALSO
1279;06/08/2013;32;8;2013;FALSO
1280;07/08/2013;32;8;2013;FALSO
1281;08/08/2013;32;8;2013;FALSO
1282;09/08/2013;32;8;2013;FALSO
1283;10/08/2013;32;8;2013;FALSO
1284;11/08/2013;33;8;2013;FALSO
1285;12/08/2013;33;8;2013;FALSO
1286;13/08/2013;33;8;2013;FALSO
1287;14/08/2013;33;8;2013;FALSO
1288;15/08/2013;33;8;2013;FALSO
1289;16/08/2013;33;8;2013;FALSO
1290;17/08/2013;33;8;2013;FALSO
1291;18/08/2013;34;8;2013;FALSO
1292;19/08/2013;34;8;2013;FALSO
1293;20/08/2013;34;8;2013;FALSO
1294;21/08/2013;34;8;2013;FALSO
1295;22/08/2013;34;8;2013;FALSO
1296;23/08/2013;34;8;2013;FALSO
1297;24/08/2013;34;8;2013;FALSO
1298;25/08/2013;35;8;2013;FALSO
1299;26/08/2013;35;8;2013;FALSO
1300;27/08/2013;35;8;2013;FALSO
1301;28/08/2013;35;8;2013;FALSO
1302;29/08/2013;35;8;2013;FALSO
1303;30/08/2013;35;8;2013;FALSO
1304;31/08/2013;35;8;2013;FALSO
1305;01/09/2013;36;9;2013;FALSO
1306;02/09/2013;36;9;2013;FALSO
1307;03/09/2013;36;9;2013;FALSO
1308;04/09/2013;36;9;2013;FALSO
1309;05/09/2013;36;9;2013;FALSO
1310;06/09/2013;36;9;2013;VERDADEIRO
1311;07/09/2013;36;9;2013;FALSO
1312;08/09/2013;37;9;2013;FALSO
1313;09/09/2013;37;9;2013;FALSO
1314;10/09/2013;37;9;2013;FALSO
1315;11/09/2013;37;9;2013;FALSO
1316;12/09/2013;37;9;2013;FALSO
1317;13/09/2013;37;9;2013;FALSO
1318;14/09/2013;37;9;2013;FALSO
1319;15/09/2013;38;9;2013;FALSO
1320;16/09/2013;38;9;2013;FALSO
1321;17/09/2013;38;9;2013;FALSO
1322;18/09/2013;38;9;2013;FALSO
1323;19/09/2013;38;9;2013;FALSO
1324;20/09/2013;38;9;2013;FALSO
1325;21/09/2013;38;9;2013;FALSO
1326;22/09/2013;39;9;2013;FALSO
1327;23/09/2013;39;9;2013;FALSO
1328;24/09/2013;39;9;2013;FALSO
1329;25/09/2013;39;9;2013;FALSO
1330;26/09/2013;39;9;2013;FALSO
1331;27/09/2013;39;9;2013;FALSO
1332;28/09/2013;39;9;2013;FALSO
1333;29/09/2013;40;9;2013;FALSO
1334;30/09/2013;40;9;2013;FALSO
1335;01/10/2013;40;10;2013;FALSO
1336;02/10/2013;40;10;2013;FALSO
1337;03/10/2013;40;10;2013;FALSO
1338;04/10/2013;40;10;2013;FALSO
1339;05/10/2013;40;10;2013;FALSO
1340;06/10/2013;41;10;2013;FALSO
1341;07/10/2013;41;10;2013;FALSO
1342;08/10/2013;41;10;2013;FALSO
1343;09/10/2013;41;10;2013;FALSO
1344;10/10/2013;41;10;2013;FALSO
1345;11/10/2013;41;10;2013;FALSO
1346;12/10/2013;41;10;2013;FALSO
1347;13/10/2013;42;10;2013;FALSO
1348;14/10/2013;42;10;2013;FALSO
1349;15/10/2013;42;10;2013;FALSO
1350;16/10/2013;42;10;2013;FALSO
1351;17/10/2013;42;10;2013;FALSO
1352;18/10/2013;42;10;2013;FALSO
1353;19/10/2013;42;10;2013;FALSO
1354;20/10/2013;43;10;2013;FALSO
1355;21/10/2013;43;10;2013;FALSO
1356;22/10/2013;43;10;2013;FALSO
1357;23/10/2013;43;10;2013;FALSO
1358;24/10/2013;43;10;2013;FALSO
1359;25/10/2013;43;10;2013;FALSO
1360;26/10/2013;43;10;2013;FALSO
1361;27/10/2013;44;10;2013;FALSO
1362;28/10/2013;44;10;2013;FALSO
1363;29/10/2013;44;10;2013;FALSO
1364;30/10/2013;44;10;2013;FALSO
1365;31/10/2013;44;10;2013;FALSO
1366;01/11/2013;44;11;2013;FALSO
1367;02/11/2013;44;11;2013;FALSO
1368;03/11/2013;45;11;2013;FALSO
1369;04/11/2013;45;11;2013;FALSO
1370;05/11/2013;45;11;2013;FALSO
1371;06/11/2013;45;11;2013;FALSO
1372;07/11/2013;45;11;2013;FALSO
1373;08/11/2013;45;11;2013;FALSO
1374;09/11/2013;45;11;2013;FALSO
1375;10/11/2013;46;11;2013;FALSO
1376;11/11/2013;46;11;2013;FALSO
1377;12/11/2013;46;11;2013;FALSO
1378;13/11/2013;46;11;2013;FALSO
1379;14/11/2013;46;11;2013;FALSO
1380;15/11/2013;46;11;2013;FALSO
1381;16/11/2013;46;11;2013;FALSO
1382;17/11/2013;47;11;2013;FALSO
1383;18/11/2013;47;11;2013;FALSO
1384;19/11/2013;47;11;2013;FALSO
1385;20/11/2013;47;11;2013;FALSO
1386;21/11/2013;47;11;2013;FALSO
1387;22/11/2013;47;11;2013;FALSO
1388;23/11/2013;47;11;2013;FALSO
1389;24/11/2013;48;11;2013;FALSO
1390;25/11/2013;48;11;2013;FALSO
1391;26/11/2013;48;11;2013;FALSO
1392;27/11/2013;48;11;2013;FALSO
1393;28/11/2013;48;11;2013;FALSO
1394;29/11/2013;48;11;2013;VERDADEIRO
1395;30/11/2013;48;11;2013;FALSO
1396;01/12/2013;49;12;2013;FALSO
1397;02/12/2013;49;12;2013;FALSO
1398;03/12/2013;49;12;2013;FALSO
1399;04/12/2013;49;12;2013;FALSO
1400;05/12/2013;49;12;2013;FALSO
1401;06/12/2013;49;12;2013;FALSO
1402;07/12/2013;49;12;2013;FALSO
1403;08/12/2013;50;12;2013;FALSO
1404;09/12/2013;50;12;2013;FALSO
1405;10/12/2013;50;12;2013;FALSO
1406;11/12/2013;50;12;2013;FALSO
1407;12/12/2013;50;12;2013;FALSO
1408;13/12/2013;50;12;2013;FALSO
1409;14/12/2013;50;12;2013;FALSO
1410;15/12/2013;51;12;2013;FALSO
1411;16/12/2013;51;12;2013;FALSO
1412;17/12/2013;51;12;2013;FALSO
1413;18/12/2013;51;12;2013;FALSO
1414;19/12/2013;51;12;2013;FALSO
1415;20/12/2013;51;12;2013;FALSO
1416;21/12/2013;51;12;2013;FALSO
1417;22/12/2013;52;12;2013;FALSO
1418;23/12/2013;52;12;2013;FALSO
1419;24/12/2013;52;12;2013;FALSO
1420;25/12/2013;52;12;2013;FALSO
1421;26/12/2013;52;12;2013;FALSO
1422;27/12/2013;52;12;2013;VERDADEIRO
1423;28/12/2013;52;12;2013;FALSO
1424;29/12/2013;53;12;2013;FALSO
1425;30/12/2013;53;12;2013;FALSO
1426;31/12/2013;53;12;2013;FALSO
